date,lang,word,number
2026-06-05,en,forest,153
2026-06-05,fr,hiver,153
2026-06-06,en,dream,154
2026-06-06,fr,jardin,154
2026-06-07,en,music,155
2026-06-07,fr,château,155
2026-06-08,en,ocean,156
2026-06-08,fr,tempête,156
2026-06-09,en,friend,157
2026-06-09,fr,pont,157
2026-06-10,en,winter,158
2026-06-10,fr,ombre,158
2026-06-11,en,garden,159
2026-06-11,fr,fleur,159
2026-06-12,en,castle,160
2026-06-12,fr,voyage,160
2026-06-13,en,storm,161
2026-06-13,fr,mémoire,161
2026-06-14,en,bridge,162
2026-06-14,fr,justice,162
2026-06-15,en,shadow,163
2026-06-15,fr,île,163
2026-06-16,en,flower,164
2026-06-16,fr,miroir,164
2026-06-17,en,travel,165
2026-06-17,fr,désert,165
2026-06-18,en,memory,166
2026-06-18,fr,cheval,166
2026-06-19,en,justice,167
2026-06-19,fr,victoire,167
2026-06-20,en,island,168
2026-06-20,fr,pain,168
2026-06-21,en,mirror,169
2026-06-21,fr,montagne,169
2026-06-22,en,desert,170
2026-06-22,fr,rivière,170
2026-06-23,en,horse,171
2026-06-23,fr,famille,171
2026-06-24,en,victory,172
2026-06-24,fr,pouvoir,172
2026-06-25,en,bread,173
2026-06-25,fr,école,173
2026-06-26,en,mountain,174
2026-06-26,fr,été,174
2026-06-27,en,river,175
2026-06-27,fr,liberté,175
2026-06-28,en,family,176
2026-06-28,fr,feu,176
2026-06-29,en,power,177
2026-06-29,fr,lumière,177
2026-06-30,en,school,178
2026-06-30,fr,pont,178
2026-07-01,en,summer,179
2026-07-01,fr,tempête,179
2026-07-02,en,freedom,180
2026-07-02,fr,jardin,180
2026-07-03,en,fire,181
2026-07-03,fr,horloge,181
2026-07-04,en,light,182
2026-07-04,fr,montagne,182
2026-07-05,en,bridge,183
2026-07-05,fr,rivière,183
2026-07-06,en,storm,184
2026-07-06,fr,ombre,184
2026-07-07,en,garden,185
2026-07-07,fr,miroir,185
2026-07-08,en,clock,186
2026-07-08,fr,cercle,186
2026-07-09,en,mountain,187
2026-07-09,fr,mémoire,187
2026-07-10,en,river,188
2026-07-10,fr,hiver,188
2026-07-11,en,shadow,189
2026-07-11,fr,château,189
2026-07-12,en,mirror,190
2026-07-12,fr,planète,190
2026-07-13,en,circle,191
2026-07-13,fr,désert,191
2026-07-14,en,memory,192
2026-07-14,fr,île,192
2026-07-15,en,winter,193
2026-07-15,fr,tonnerre,193
2026-07-16,en,castle,194
2026-07-16,fr,cristal,194
2026-07-17,en,planet,195
2026-07-17,fr,voyage,195
2026-07-18,en,desert,196
2026-07-18,fr,bibliothèque,196
2026-07-19,en,island,197
2026-07-19,fr,lanterne,197
2026-07-20,en,thunder,198
2026-07-20,fr,boussole,198
2026-07-21,en,crystal,199
2026-07-21,fr,horizon,199
2026-07-22,en,voyage,200
2026-07-22,fr,marbre,200
2026-07-23,en,library,201
2026-07-23,fr,écho,201
2026-07-24,en,lantern,202
2026-07-24,fr,labyrinthe,202
2026-07-25,en,harvest,203
2026-07-25,fr,brume,203
2026-07-26,en,comet,204
2026-07-26,fr,givre,204
2026-07-27,en,harbor,205
2026-07-27,fr,rosée,205
2026-07-28,fr,terrier,206
2026-07-29,fr,guépard,207
2026-07-30,fr,sillon,208
2026-07-31,fr,miel,209
2026-08-01,fr,panthère,210
2026-08-02,fr,marée,211
2026-08-03,fr,ruche,212
2026-08-04,fr,chouette,213
2026-08-05,fr,fumée,214
2026-08-06,fr,sève,215
2026-08-07,fr,belette,216
2026-08-08,fr,étincelle,217
2026-08-09,fr,vigne,218
2026-08-10,fr,tanière,219
2026-08-11,fr,argile,220
2026-08-12,fr,essaim,221
2026-08-13,fr,écureuil,222
2026-08-14,fr,écume,223
2026-08-15,fr,lavande,224
2026-08-16,fr,taupe,225
2026-08-17,fr,étang,226
2026-08-18,fr,brindille,227
2026-08-19,fr,hérisson,228
2026-08-20,fr,colline,229
2026-08-21,fr,ardoise,230
2026-08-22,fr,chevreuil,231
2026-08-23,fr,bruyère,232
2026-08-24,fr,hirondelle,233
2026-08-25,fr,sanglier,234
2026-08-26,fr,lierre,235
2026-08-27,fr,vallon,236
2026-08-28,fr,libellule,237
2026-08-29,fr,lande,238
2026-08-30,fr,roseau,239
2026-08-31,fr,clairière,240
2026-07-28,en,avalanche,206
2026-07-29,en,sparrow,207
2026-07-30,en,lagoon,208
2026-07-31,en,blizzard,209
2026-08-01,en,copper,210
2026-08-02,en,whirlpool,211
2026-08-03,en,orchard,212
2026-08-04,en,galaxy,213
2026-08-05,en,granite,214
2026-08-06,en,hammock,215
2026-08-07,en,cascade,216
2026-08-08,en,falcon,217
2026-08-09,en,twilight,218
2026-08-10,en,coral,219
2026-08-11,en,beacon,220
2026-08-12,en,raven,221
2026-08-13,en,sapphire,222
2026-08-14,en,cliff,223
2026-08-15,en,prairie,224
2026-08-16,en,amber,225
2026-08-17,en,pebble,226
2026-08-18,en,canyon,227
2026-08-19,en,pearl,228
2026-08-20,en,tundra,229
2026-08-21,en,rainbow,230
2026-08-22,en,marsh,231
2026-08-23,en,nebula,232
2026-08-24,en,seashell,233
2026-08-25,en,meadow,234
2026-08-26,en,reef,235
2026-08-27,en,emerald,236
2026-08-28,en,willow,237
2026-08-29,en,otter,238
2026-08-30,en,boulder,239
2026-08-31,en,heron,240
